date,time,code,radioTagID,freq,tagArea,sex,forkLength,locatedUnlocated,dateLocated,location,scaleBook,scaleRow,comments
07/05/2023,11:11,01,unknown,42,Seine,m,58,Located,06-Sep,Atna,unknown,unknown,
07/05/2023,11:11,02,unkown,42,Seine,m,62,Located,30-Aug,Cabin Crk,unknown,unknown,
07/05/2023,11:11,03,unknown,42,Seine,f,57,Located,06-Sep,Atna,unknown,unknown,
07/04/2023,23:59,04,unknown,42,Seine,f,55,,,,unknown,unknown,
07/05/2023,1:05,05,unknown,42,Seine,f,57,,,,unknown,unknown,
07/05/2023,11:11,06,unknown,42,Seine,f,55,,,,unknown,unknown,
07/05/2023,12:58,07,unknown,42,Seine,m,58,Located,06-Sep,Atna,unknown,unknown,
07/05/2023,11:11,08,unknown,42,Seine,m,57,Located,06-Sep,Atna,unknown,unknown,
07/05/2023,11:11,09,unknown,42,Seine,m,62,Located,30-Aug,Morice Lake,unknown,unknown,
07/07/2023,12:08,10,k6d009,42,Seine,m,61,Located,30-Aug,Atna lake,unknown,unknown,"cottle punch coin enevelopes no data sheets or dates, date assigned on detection"
07/04/2023,10:16,11,k6d044,42,Canyon,m,61.5,Located,06-Sep,Atna,1032797,,
07/10/2023,8:25,12,k6d034,42,Canyon,m,60,Located,06-Sep,Atna,na,na,no scales for this one
07/04/2023,10:49,13,k6d045,42,Canyon,,,,,,1032797,10.5,
07/04/2023,23:59,14,k6d 041,42,Canyon,m,60,Located,06-Sep,Atna,1032797,,
07/04/2023,10:21,15,k6d049,42,Canyon,m,64,Located,06-Sep,Atna,1032797,,
07/04/2023,23:59,16,k6d050,42,Canyon,unknown,unknown,,,,1032797,5.45,
07/04/2023,12:51,17,k6d029,42,Canyon,,,Located,06-Sep,Atna,1032797,6.46,
07/04/2023,11:16,18,k6d022,42,Canyon,f,59,Located,06-Sep,Atna,1032797,9.49,
07/04/2023,11:42,19,k6d013,42,Canyon,f,55,Located,30-Aug,Atna Lake,1032797,8.48,
07/04/2023,12:43,20,k6d014,42,Canyon,m,59,,,,1032797,7.47,
07/05/2023,9:18,21,k6h098,48,Canyon,m,59,Located,06-Sep,Atna,1032799,4.44,
07/05/2023,9:25,22,k6h097,48,Canyon,f,57,,,,1032799,3.43,
07/05/2023,10:13,23,k6h095,48,Canyon,f,58,Located,04-Sep,Atna lake,1032799,1.41,
07/05/2023,7:56,24,k6h039,48,Canyon,f,59,Located,06-Sep,Atna,1032799,9.49,
07/05/2023,8:40,25,k6h035,48,Canyon,m,61,,,,1032799,6.46,
07/05/2023,9:36,26,k6h094,48,Canyon,m,58,,,,1032799,2.42,
07/05/2023,7:51,27,k6h092,48,Canyon,m,59,Located,06-Sep,Atna,1032799,10.5,
07/05/2023,9:14,28,k6h062,48,Canyon,m,62,Located,,pyramid,1032799,5.45,
07/05/2023,8:06,29,k6h074,48,Canyon,m,61,Located,06-Sep,Atna,1032799,4.48,
07/05/2023,8:14,30,k6h010,48,Canyon,m,58,Located,06-Sep,Atna,1032799,7.47,
07/04/2023,23:59,31,unknown,48,Seine,m,60,Located,30-Aug,Atna lake,unknown,unknown,
07/08/2023,5:32,32,unknown,48,unknown,unknown,unknown,Located,06-Sep,Atna,unknown,unknown,tag date assigned on first detection
07/04/2023,23:59,33,unknown,48,Seine,f,57,,,,unknown,unknown,
07/07/2023,14:18,34,unknown,48,unknown,f,56,Located,04-Oct,Atna,unknown,unknown,date assigned based on detection
07/05/2023,9:30,36,unknown,48,Seine,m,56,,,,unknown,unknown,
07/04/2023,23:59,37,unknown,48,Seine,m,63,,,,unknown,unknown,
07/05/2023,9:30,38,unknown,48,Seine,m,64,Located,30-Aug,Above Owen Creek,unknown,unknown,
07/05/2023,9:30,39,unknown,48,Seine,m,63,Located,06-Sep,Atna,unknown,unknown,
07/05/2023,9:30,40,unknown,48,Seine,m,59,Located,06-Sep,Atna,unknown,unknown,
07/06/2023,7:55,41,k6h042,48,Canyon,m,62,,,,1032800,7.47,
07/10/2023,9:15,41,k6h031,48,Seine,m,62,,,,88104,9.49,
07/06/2023,7:41,42,k6h003,48,Canyon,m,62,,,,1032800,9.49,
07/10/2023,9:15,42,k6h099,48,Seine,m,61,,,,88104,8.48,
07/06/2023,8:46,43,k6h002,48,Canyon,f,60,,,,1032800,3.43,
07/10/2023,9:15,43,k6h061,48,Seine,,,,,,unknown,unknown,cottle punch coin enevelopes no data sheets or dates
07/06/2023,8:57,44,k6h043,48,Canyon,m,63,Located,13-Sep,Farmlands,1032800,2.42,
07/06/2023,8:18,45,k6h041,48,Canyon,m,63,,,,1032800,5.45,
07/10/2023,9:15,45,k6h065,48,Seine,f,58,,,,88104,7.47,
07/06/2023,7:33,46,k64033,48,Canyon,m,58,,,,1032800,10.5,
07/10/2023,9:15,46,k6h050,48,Seine,,,,,,unknown,unknown,cottle punch coin enevelopes no data sheets or dates
07/06/2023,8:11,47,k6h018,48,Canyon,m,61,,,,1032800,6.46,
07/06/2023,9:02,48,k6h017,48,Canyon,f,60,,,,1032800,1.41,
07/06/2023,8:43,49,k6h046,48,Canyon,f,58,Located,06-Sep,Atna,1032800,4.44,
07/06/2023,7:45,50,k6h038,48,Canyon,m,59,,,,1032800,8.48,
07/10/2023,10:56,50,k6h028,48,Seine,m,62,,,,88104,5.45,
07/12/2023,9:00,51,k6h068,48,Seine,m,61,,,,88105,5.45,
07/11/2023,12:40,52,k6h080,48,Seine,m,60,,,,88104,1.41,
07/11/2023,12:40,53,k6h019,48,Seine,m,50,Located,,Atna,88105,8.48,53 and 56 could be crossed
07/11/2023,9:00,54,k6h071,48,Seine,f,60,,,,88104,3.43,
07/12/2023,9:00,55,k6h084,48,Seine,m,59,,,,88105,6.46,
07/11/2023,12:40,56,k6h101,48,Seine,,,Located,06-Sep,Atna,88105,10.5,paperwork unclear
07/11/2023,9:00,57,k6h090,48,Seine,m,64,Located,06-Sep,Atna,88104,2.42,
07/12/2023,9:00,58,k6h087,48,Seine,m,61,,,,88105,7.47,
07/11/2023,9:00,59,k6h081,48,Seine,m,60,,,,unknown,unknown,
07/11/2023,12:40,60,k6h073,48,Seine,m,60,,,,88105,9.49,
07/07/2023,8:41,61,k6d004,42,Canyon,m,61,Located,06-Sep,Atna,1032761,1.41,
07/07/2023,8:23,62,k6d003,42,Canyon,f,57,Located,06-Sep,Atna,1032761,2.42,
07/07/2023,8:10,63,k6d028,42,Canyon,m,62,Located,04-Oct,Atna,1032761,3.43,
07/07/2023,8:07,64,k6d039,42,Canyon,m,58,,,,1032761,4.44,
07/07/2023,8:04,65,k6d036,42,Canyon,m,62,,,,1032761,5.45,cottle punch lost
07/07/2023,7:53,66,k6d046,42,Canyon,m,55,Located,06-Sep,Atna,1032761,6.46,
07/07/2023,7:39,67,k6d032,42,Canyon,unknown,63,Located,06-Sep,Atna,1032761,7.47,
07/07/2023,7:39,68,k6d020,42,Canyon,unknown,60,Located,30-Aug,Atna Lake,1032761,8.48,
07/07/2023,7:29,69,k6d038,42,Canyon,f,62,Located,04-Oct,Morice Lake,1032761,9.49,
07/07/2023,7:25,70,k6d043,42,Canyon,f,57,,,,1032761,10.5,
07/10/2023,8:23,71,k6d005,42,Canyon,m,71,Located,30-Aug,Cabin Crk,1032763,1.41,
07/10/2023,8:17,72,k6d008,42,Canyon,m,65,Located,27-Sep,Nanika,1032763,2.42,
07/10/2023,8:14,73,k6d027,42,Canyon,f,54,Located,30-Aug,Lower Morice River,1032763,3.43,
07/10/2023,8:01,74,k6d047,42,Canyon,m,63,,,,1032763,4.44,
07/10/2023,7:57,75,k6d042,42,Canyon,f,60,Located,04-Oct,Nanika,1032763,5.45,
07/10/2023,7:41,76,k6d033,42,Canyon,,,,,,1032763,6.46,lost RT in canyon
07/10/2023,7:38,77,k6d037,42,Canyon,unknown,57,,,,1032763,7.47,
07/10/2023,7:32,78,k6d016,42,Canyon,m,63,Located,04-Oct,Atna,1032763,8.48,
07/10/2023,7:31,79,k6d012,42,Canyon,m,59,,,,1032763,9.49,
07/10/2023,7:22,80,k6d002,42,Canyon,m,61,Located,06-Sep,Atna,1032763,10.5,
07/11/2023,8:29,81,k6d040,42,Canyon,m,58,Located,04-Oct,Morice Lake,1032762,1.41,
07/11/2023,8:16,82,k6d026,42,Canyon,m,58,Located,06-Sep,Atna,1032762,2.42,
07/11/2023,8:13,83,k6d017,42,Canyon,unknown,60,,,,1032762,3.43,
07/11/2023,8:06,84,k6d021,42,Canyon,,,Located,06-Sep,Atna,1032762,4.44,
07/11/2023,7:56,85,k6d001,42,Canyon,m,61,Located,04-Sep,Atna,1032762,5.45,
07/11/2023,7:46,86,k6d019,42,Canyon,m,63,Located,06-Sep,Atna,1032762,6.46,
07/11/2023,7:42,87,k6d035,42,Canyon,f,60,Located,06-Sep,Atna,1032762,7.47,
07/11/2023,7:40,88,k6d015,42,Canyon,f,59,,,,1032762,8.48,
07/11/2023,7:37,89,k6d011,42,Canyon,f,60,Located,06-Sep,Atna,1032762,9.49,
07/11/2023,7:36,89,unknown,42,Canyon,f,60,Located,06-Sep,,1032762,9.49,
07/11/2023,7:25,90,k6d031,42,Canyon,f,61,,,,1032762,10.5,
07/13/2023,2:03,91,k6d072,42,Seine,f,57,,,,88108,4.44,
07/13/2023,1:59,92,k6d063,42,Seine,f,55,,,,88108,5.45,
07/13/2023,1:38,93,k6d062,42,Seine,m,65,Located,830,Morice river,88108,8.48,
07/12/2023,9:00,94,k6d066,42,Seine,f,59,Located,06-Sep,Atna,88105,4.44,
07/12/2023,11:11,95,k6d067,42,Seine,f,57,,,,88105,2.42,
07/13/2023,9:27,96,k6d061,42,Seine,m,62,,,,scales inside coin env.,,no cotttle
07/12/2023,11:11,97,k6d082,42,Seine,m,60,,,,88105,3.43,
07/13/2023,1:53,98,k6d089,42,Seine,m,57,,,,88108,6.46,
07/12/2023,11:11,99,k6d073,42,Seine,m,59,Located,06-Sep,Atna,88105,1.41,
07/13/2023,1:46,100,k6d083,42,Seine,f,53,,,,88108,7.47,
07/12/2023,7:31,101,k6h103,48,Canyon,f,49,,,,1032764,1.41,
07/12/2023,7:39,102,k6h014,48,Canyon,f,54,Located,30-Aug,Below Telkwa River,1032764,2.42,
07/12/2023,7:50,103,k6h076,48,Canyon,f,54,Located,06-Sep,Atna,1032764,3.43,
07/12/2023,7:54,104,k6h047,48,Canyon,m,62,Located,06-Sep,Atna,1032764,4.44,
07/12/2023,8:01,105,k6d053,48,Canyon,m,62,,,,1032764,5.45,
07/12/2023,8:34,106,k6d032,48,Canyon,m,63,,,,1032764,6.46,
07/12/2023,8:43,107,k6h055,48,Canyon,f,57,,,,1032764,7.47,
07/12/2023,8:48,108,k6h079,48,Canyon,m,61,located,30-Aug,Atna Lake,1032764,8.48,
07/12/2023,8:54,109,k6h077,48,Canyon,f,60,Located,06-Sep,Atna,1032764,9.49,
07/12/2023,8:59,110,k6h078,48,Canyon,f,56,,,,1032764,10.5,
08/03/2023,2:20,111,k6h016,48,Seine,f,58,,,,1032767,8.48,no pages yet
08/04/2023,23:59,112,k6h057,48,Seine,,,,,,1032767,6.46,no pages yet
08/17/2023,10:32,112,k6h070,48,Seine,m,60,,,,88107,4.44,
08/11/2023,9:45,113,k6h023,48,Seine,m,61,Located,04-Oct,Nanika,1032707,2.42,
07/10/2023,10:56,115,unknown,48,Seine,,,Located,27-Sep,Nanika,unknown,unknown,tag date assigned on first detection
08/08/2023,23:59,116,k6h091,48,Seine,,,Located,13-Sep,Nanika,1032767,5.45,
07/10/2023,12:39,117,unknown,48,unknown,,,Located,27-Sep,Nanika,unknown,unknown,tag date assigned on first detection
08/10/2023,12:56,118,k6h040,48,Seine,m,65,Located,13-Sep,Nanika,88107,3.43,
08/03/2023,2:20,119,k6h054,48,Seine,m,61,Located,27-Sep,Nanika,1032767,7.47,
08/11/2023,11:15,120,k6h034,48,Seine,m,52,Located,04-Oct,Nanika,1032707,1.41,
07/31/2023,2:58,121,k6h021,48,Seine,f,57,Located,06-Sep,Atna,88107,8.48,
08/03/2023,2:20,122,k6h026,48,Seine,m,61,,,,1032767,9.49,
07/27/2023,23:59,123,k6h025,48,Seine,,,,,,88107,10.5,no pages yet
07/27/2023,23:59,124,k6h015,48,Seine,,,,,,88106,1.41,no pages yet
07/26/2023,9:43,125,k6h012,48,Seine,f,57,Located,27-Sep,Nanika,88106,3.43,
07/31/2023,10:08,126,k6h011,48,Seine,f,55,Located,27-Sep,Nanika,88107,9.49,
08/01/2023,2:56,127,k6h045,48,Seine,m,64,,,,88107,6.46,no pages yet
07/26/2023,23:59,128,unknown,48,Seine,,,,,,88106,2.42,not in book
08/03/2023,2:20,129,k6h024,48,Seine,f,56,,,,1032767,10.5,no pages yet
07/14/2023,7:18,130,unknown,48,unknown,,,Located,04-Oct,Nanika,unknown,unknown,tag date assigned on first detection
07/14/2023,10:12,131,k6h102,48,Canyon,f,52,Located,06-Sep,Atna,1032765,1.41,
07/14/2023,23:59,132,k6h037,48,Canyon,,,,,,1032765,2.42,not in book
07/14/2023,23:59,133,k6h100,48,Canyon,,,,,,1032765,3.43,not in book
07/14/2023,9:52,134,k6h030,48,Canyon,m,59,,,,1032765,4.44,
07/14/2023,9:26,135,k6h088,48,Canyon,f,60,,,,1032765,5.45,
07/14/2023,9:19,136,k6h029,48,Canyon,f,58,,,,1032765,6.46,
07/14/2023,9:17,137,k6h058,48,Canyon,m,62,,,,1032765,7.47,
07/14/2023,9:05,138,k6h083,48,Canyon,unknown,54,Located,06-Sep,Atna,1032765,8.48,
07/14/2023,9:02,139,k6h064,48,Canyon,f,60,Located,04-Oct,Morice Lake,1032765,9.49,
07/14/2023,8:32,140,k6h056,48,Canyon,m,62,Located,06-Sep,Atna,1032765,10.5,
07/19/2023,23:59,141,k6d081,42,Seine,,,Located,27-Sep,Nanika,88106,6.46,duplicates? Wrong in book
07/18/2023,9:16,142,k6d092,42,Seine,m,61,Located,30-Aug,Morice Lake,88106,8.48,
07/24/2023,9:15,143,k6d090,42,Seine,f,57,Located,27-Sep,Nanika,88106,5.45,
07/25/2023,10:00,144,k6d076,42,Seine,f,59,Located,30-Aug,Lower Morice River,88106,4.44,
07/17/2023,11:18,145,k6d097,42,Seine,m,63,Located,04-Oct,Nanika,88108,3.43,
07/17/2023,11:18,146,k6d092,42,Seine,f,57,Located,27-Sep,Nanika,88108,2.42,
07/18/2023,12:56,147,k6d081,42,Seine,m,64,Located,04-Oct,Nanika,88106,6.46,
07/17/2023,12:18,148,k6d085,42,Seine,f,51,Located,06-Sep,Atna,88106,10.5,
07/10/2023,10:52,149,k6d084,48,Seine,,,,,,88104,1.41,
07/17/2023,11:18,150,k6d057,42,Seine,m,57,,,,88108,1.41,
07/17/2023,10:13,151,k6d074,42,Canyon,f,61,Located,27-Sep,Nanika,1032766,1.41,
07/17/2023,10:10,152,k6d069,42,Canyon,f,61,,,,1032766,2.42,
07/17/2023,10:06,153,k6d099,42,Canyon,f,59,,,,1032766,3.43,
07/17/2023,9:37,154,k6d087,42,Canyon,f,55,,,,1032766,4.44,
07/17/2023,9:35,155,k6d077,42,Canyon,f,59,Located,04-Oct,Morice Lake,1032766,5.45,
07/17/2023,9:30,156,k6d068,42,Canyon,m,61,Located,30-Aug,Atna lake,1032766,6.46,
07/17/2023,9:00,157,k6d056,42,Canyon,f,56,Located,30-Aug,Morice Lake,1032766,7.47,
07/17/2023,8:56,158,k6d052,42,Canyon,f,53,,,,1032766,8.48,
07/17/2023,8:43,159,k6d058,42,Canyon,m,61,Located,06-Sep,Atna,1032766,9.49,
07/17/2023,8:39,160,k6d053,42,Canyon,f,56,,,,1032766,10.5,
08/17/2023,10:38,176,k6d100,42,Seine,m,58,,,,88107,3.43,
07/04/2023,23:59,3?,unknown,48,Seine,,,,,,unknown,unknown,
07/10/2023,10:56,49?,k6h072,48,Seine,,,,,,88104,10.5,cottle punch correct
08/08/2023,unknown,unknown,k6h052,48,Seine,,,,,,1032767,4.44,no pages yet
07/04/2023,9:31,,k6d022,42,Canyon,,,,,,1032797,,
