tagDateTime,freqCode,sex,forkLength,team
2024-07-12T00:00:00Z,149.500 001,NA,NA,Canyon
2024-07-12T00:00:00Z,149.500 002,NA,NA,Canyon
2024-07-15T00:00:00Z,149.500 003,NA,NA,Canyon
2024-07-15T00:00:00Z,149.500 004,NA,NA,Canyon
2024-07-15T00:00:00Z,149.500 005,NA,NA,Canyon
2024-07-15T00:00:00Z,149.500 006,NA,NA,Canyon
2024-07-16T00:00:00Z,149.500 007,NA,NA,Canyon
2024-07-15T00:00:00Z,149.500 008,NA,NA,Canyon
2024-07-16T00:00:00Z,149.500 009,NA,NA,Canyon
2024-07-16T00:00:00Z,149.500 010,NA,NA,Canyon
2024-07-19T00:00:00Z,149.500 011,NA,NA,Seine
2024-07-15T00:00:00Z,149.500 012,NA,NA,Seine
2024-07-12T00:00:00Z,149.500 013,NA,NA,Seine
2024-07-19T00:00:00Z,149.500 014,NA,NA,Seine
2024-07-22T00:00:00Z,149.500 015,NA,NA,Seine
2024-07-12T00:00:00Z,149.500 016,NA,NA,Seine
2024-07-15T00:00:00Z,149.500 017,NA,NA,Seine
2024-07-16T00:00:00Z,149.500 018,NA,NA,Seine
2024-07-16T00:00:00Z,149.500 019,NA,NA,Seine
2024-07-17T00:00:00Z,149.500 020,NA,NA,Seine
2024-07-17T00:00:00Z,149.500 021,NA,NA,Canyon
2024-07-17T00:00:00Z,149.500 022,NA,NA,Canyon
2024-07-17T00:00:00Z,149.500 023,NA,NA,Canyon
2024-07-17T00:00:00Z,149.500 024,NA,NA,Canyon
2024-07-17T00:00:00Z,149.500 025,NA,NA,Canyon
2024-07-17T00:00:00Z,149.500 026,NA,NA,Canyon
2024-07-17T00:00:00Z,149.500 027,NA,NA,Canyon
2024-07-18T00:00:00Z,149.500 028,NA,NA,Canyon
2024-07-18T00:00:00Z,149.500 029,NA,NA,Canyon
2024-07-18T00:00:00Z,149.500 030,NA,NA,Canyon
2024-07-18T00:00:00Z,149.500 031,NA,NA,Canyon
2024-07-18T00:00:00Z,149.500 032,NA,NA,Canyon
2024-07-18T00:00:00Z,149.500 033,NA,NA,Canyon
2024-07-18T00:00:00Z,149.500 034,NA,NA,Canyon
2024-07-18T00:00:00Z,149.500 035,NA,NA,Canyon
2024-07-18T00:00:00Z,149.500 036,NA,NA,Canyon
2024-07-18T00:00:00Z,149.500 037,NA,NA,Canyon
2024-07-18T00:00:00Z,149.500 038,NA,NA,Canyon
2024-07-18T00:00:00Z,149.500 039,NA,NA,Canyon
2024-07-18T00:00:00Z,149.500 040,NA,NA,Canyon
2024-07-19T00:00:00Z,149.500 041,NA,NA,Canyon
2024-07-19T00:00:00Z,149.500 042,NA,NA,Canyon
2024-07-19T00:00:00Z,149.500 043,NA,NA,Canyon
2024-07-19T00:00:00Z,149.500 044,NA,NA,Canyon
2024-07-19T00:00:00Z,149.500 045,NA,NA,Canyon
2024-07-19T00:00:00Z,149.500 046,NA,NA,Canyon
2024-07-22T00:00:00Z,149.500 047,NA,NA,Canyon
2024-07-22T00:00:00Z,149.500 048,NA,NA,Canyon
2024-07-22T00:00:00Z,149.500 049,NA,NA,Canyon
2024-07-22T00:00:00Z,149.500 050,NA,NA,Canyon
2024-07-22T00:00:00Z,149.500 051,NA,NA,Seine
2024-07-22T00:00:00Z,149.500 052,NA,NA,Seine
2024-07-22T00:00:00Z,149.500 053,NA,NA,Seine
2024-07-22T00:00:00Z,149.500 054,NA,NA,Seine
2024-07-22T00:00:00Z,149.500 055,NA,NA,Seine
2024-07-23T00:00:00Z,149.500 056,NA,NA,Seine
2024-07-23T00:00:00Z,149.500 057,NA,NA,Seine
2024-07-23T00:00:00Z,149.500 058,NA,NA,Seine
2024-07-23T00:00:00Z,149.500 059,NA,NA,Seine
2024-07-23T00:00:00Z,149.500 060,NA,NA,Seine
2024-07-22T00:00:00Z,149.500 061,NA,NA,Canyon
2024-07-22T00:00:00Z,149.500 062,NA,NA,Canyon
2024-07-22T00:00:00Z,149.500 063,NA,NA,Canyon
2024-07-22T00:00:00Z,149.500 064,NA,NA,Canyon
2024-07-22T00:00:00Z,149.500 065,NA,NA,Canyon
2024-07-22T00:00:00Z,149.500 066,NA,NA,Canyon
2024-07-23T00:00:00Z,149.500 067,NA,NA,Canyon
2024-07-23T00:00:00Z,149.500 068,NA,NA,Canyon
2024-07-23T00:00:00Z,149.500 069,NA,NA,Canyon
2024-07-23T00:00:00Z,149.500 070,NA,NA,Canyon
2024-07-25T00:00:00Z,149.500 071,M,63,Seine
2024-07-25T00:00:00Z,149.500 072,F,54,Seine
2024-07-25T00:00:00Z,149.500 073,M,60,Seine
2024-07-25T00:00:00Z,149.500 074,M,57,Seine
2024-07-25T00:00:00Z,149.500 075,F,60,Seine
2024-07-23T00:00:00Z,149.500 076,NA,NA,Seine
2024-07-24T00:00:00Z,149.500 077,M,61,Seine
2024-07-24T00:00:00Z,149.500 078,F,56,Seine
2024-07-24T00:00:00Z,149.500 079,F,53,Seine
2024-07-24T00:00:00Z,149.500 080,M,62,Seine
2024-07-25T00:00:00Z,149.500 081,M,55,Seine
2024-07-25T00:00:00Z,149.500 082,F,55,Seine
2024-07-25T00:00:00Z,149.500 083,F,53,Seine
2024-07-25T00:00:00Z,149.500 084,NA,51,Seine
2024-07-25T00:00:00Z,149.500 085,F,60,Seine
2024-07-25T00:00:00Z,149.500 086,F,61,Seine
2024-07-25T00:00:00Z,149.500 087,F,53,Seine
2024-07-29T00:00:00Z,149.500 088,M,60,Seine
2024-07-30T00:00:00Z,149.500 089,M,64,Seine
2024-07-23T00:00:00Z,149.500 091,M,59,Canyon
2024-07-23T00:00:00Z,149.500 092,M,60,Canyon
2024-07-23T00:00:00Z,149.500 093,NA,NA,Canyon
2024-07-23T00:00:00Z,149.500 094,F,61,Canyon
2024-07-24T00:00:00Z,149.500 095,F,57,Canyon
2024-07-24T00:00:00Z,149.500 096,F,52,Canyon
2024-07-24T00:00:00Z,149.500 097,F,59,Canyon
2024-07-24T00:00:00Z,149.500 098,M,54,Canyon
2024-07-25T00:00:00Z,149.500 099,M,62,Canyon
2024-07-25T00:00:00Z,149.500 100,M,65,Canyon
2024-07-25T00:00:00Z,149.320 101,M,54,Canyon
2024-07-25T00:00:00Z,149.320 102,F,64,Canyon
2024-07-26T00:00:00Z,149.320 103,F,49,Canyon
2024-07-29T00:00:00Z,149.320 104,F,53,Canyon
2024-07-29T00:00:00Z,149.320 105,F,56,Canyon
2024-07-30T00:00:00Z,149.320 110,F,54,Canyon
2024-07-31T00:00:00Z,149.320 111,M,56,Canyon
2024-07-31T00:00:00Z,149.320 112,M,62,Canyon
2024-07-31T00:00:00Z,149.320 113,M,57,Canyon
2024-07-31T00:00:00Z,149.320 114,F,55,Canyon
2024-07-31T00:00:00Z,149.500 133,M,55,Seine
2024-07-31T00:00:00Z,149.500 134,F,58,Seine
2024-08-01T00:00:00Z,149.500 139,F,51,Seine
2024-08-01T00:00:00Z,149.500 140,F,55,Seine
2024-08-01T00:00:00Z,149.320 115,F,54,Canyon
2024-08-01T00:00:00Z,149.320 116,F,52,Canyon
2024-08-01T00:00:00Z,149.320 117,M,60,Canyon
2024-08-01T00:00:00Z,149.320 118,NA,57,Canyon
2024-08-01T00:00:00Z,149.320 119,F,52,Canyon
2024-08-01T00:00:00Z,149.320 120,M,55,Canyon
2024-08-01T00:00:00Z,149.520 124,F,56,Canyon
2024-08-01T00:00:00Z,149.320 123,NA,NA,Canyon
2024-08-01T00:00:00Z,149.320 125,F,58,Canyon
2024-08-01T00:00:00Z,149.320 127,F,56,Canyon
2024-08-01T00:00:00Z,149.320 130,F,53,Canyon
2024-08-01T00:00:00Z,149.320 128,F,55,Canyon
2024-08-01T00:00:00Z,149.320 126,F,55,Canyon
2024-08-01T00:00:00Z,149.320 129,M,52,Canyon
2024-09-04T00:00:00Z,149.320 199,M,53,Seine
2024-08-27T00:00:00Z,149.320 195,F,57,Seine
2024-08-02T00:00:00Z,149.340 002,F,55,Seine
2024-08-02T00:00:00Z,149.340 001,F,56,Seine
2024-08-08T00:00:00Z,149.320 149,F,54,Canyon
2024-08-08T00:00:00Z,149.320 150,F,57,Canyon
2024-08-20T00:00:00Z,149.320 193,F,53,Seine
2024-08-08T00:00:00Z,149.340 006,F,56,Seine
2024-08-13T00:00:00Z,149.340 007,M,51,Seine
2024-08-07T00:00:00Z,149.340 004,M,55,Seine
2024-08-06T00:00:00Z,149.340 003,F,54,Seine
2024-08-08T00:00:00Z,149.340 005,F,54,Seine
2024-08-08T00:00:00Z,149.320 141,NA,NA,Canyon
2024-08-08T00:00:00Z,149.320 142,NA,NA,Canyon
2024-08-08T00:00:00Z,149.320 143,F,56,Canyon
2024-08-08T00:00:00Z,149.320 144,F,55,Canyon
2024-08-08T00:00:00Z,149.320 145,F,52,Canyon
2024-08-08T00:00:00Z,149.320 146,F,55,Canyon
2024-08-08T00:00:00Z,149.320 147,F,53,Canyon
2024-08-08T00:00:00Z,149.320 148,M,55,Canyon
2024-08-14T00:00:00Z,149.340 008,F,54,Seine
2024-08-15T00:00:00Z,149.340 009,F,52,Seine
2024-08-15T00:00:00Z,149.340 010,M,52,Seine
2024-08-16T00:00:00Z,149.320 192,M,58,Seine
2024-08-16T00:00:00Z,149.320 191,F,49,Seine
2024-08-16T00:00:00Z,149.320 197,M,52,Seine
2024-08-22T00:00:00Z,149.320 194,F,58,Seine
2024-08-28T00:00:00Z,149.320 196,F,51,Seine
2024-08-30T00:00:00Z,149.320 198,F,51,Seine
2024-07-25T00:00:00Z,149.320 106,NA,NA,Canyon
2024-07-25T00:00:00Z,149.320 107,NA,NA,Canyon
2024-07-25T00:00:00Z,149.320 108,NA,NA,Canyon
2024-07-25T00:00:00Z,149.320 109,NA,NA,Canyon
2024-08-01T00:00:00Z,149.500 138,NA,NA,Seine
2024-07-30T00:00:00Z,149.500 090,NA,NA,Seine
2024-07-30T00:00:00Z,149.500 132,M,57,Seine
2024-07-30T00:00:00Z,149.500 131,F,55,Seine
2024-07-30T00:00:00Z,149.500 136,M,58,Seine
2024-08-01T00:00:00Z,149.500 135,F,58,Seine
2024-08-01T00:00:00Z,149.500 137,F,55,Seine
2024-08-02T00:00:00Z,149.320 122,F,58,Canyon
2024-08-02T00:00:00Z,149.320 121,F,54,Canyon
