"","dateTime","station","freqCode","code","power","latitude","longitude","tagDateTime","sex","forkLength"
"1",2024-09-04 17:44:30,"Mobile","149.500 002","002",82,53.8585067,-127.768465,2024-07-12,NA,NA
"2",2024-09-06 18:40:01,"Mobile","149.500 026","026",101,54.0338217,-127.7682733,2024-07-17,NA,NA
"3",2024-09-06 18:40:06,"Mobile","149.500 026","026",93,54.034905,-127.7682883,2024-07-17,NA,NA
"4",2024-09-06 18:42:54,"Mobile","149.500 043","043",79,54.02604,-127.8222,2024-07-19,NA,NA
"5",2024-09-06 18:45:08,"Mobile","149.500 058","058",65,54.0195233,-127.82069,2024-07-23,NA,NA
"6",2024-09-06 19:23:48,"Mobile","149.500 080","080",93,53.8398833,-127.8325617,2024-07-24,"M",62
"7",2024-09-06 19:23:49,"Mobile","149.500 001","001",87,53.8397383,-127.8327233,2024-07-12,NA,NA
"8",2024-09-06 19:23:50,"Mobile","149.500 001","001",88,53.8395883,-127.8328583,2024-07-12,NA,NA
"9",2024-09-06 19:23:51,"Mobile","149.500 001","001",81,53.8395883,-127.8328583,2024-07-12,NA,NA
"10",2024-09-06 19:23:53,"Mobile","149.500 002","002",67,53.8392633,-127.8330383,2024-07-12,NA,NA
"11",2024-09-06 19:23:58,"Mobile","149.500 018","018",87,53.8382467,-127.83283,2024-07-16,NA,NA
"12",2024-09-06 19:52:54,"Mobile","149.500 065","065",81,53.871795,-127.7375167,2024-07-22,NA,NA
"13",2024-09-06 19:52:55,"Mobile","149.500 062","062",87,53.87201,-127.7373517,2024-07-22,NA,NA
"14",2024-09-06 20:04:58,"Mobile","149.500 066","066",87,53.9423083,-127.4534417,2024-07-22,NA,NA
"15",2024-09-06 20:11:55,"Mobile","149.500 073","073",76,53.9423083,-127.4534417,2024-07-25,"M",60
"16",2024-09-06 20:57:30,"Mobile","149.320 114","114",90,53.9410783,-127.4537717,2024-07-31,"F",55
"17",2024-09-06 20:57:31,"Mobile","149.320 103","103",117,53.9409333,-127.4538467,2024-07-26,"F",49
"18",2024-09-06 20:57:39,"Mobile","149.500 073","073",98,53.9397267,-127.4544367,2024-07-25,"M",60
"19",2024-09-06 20:57:44,"Mobile","149.500 073","073",104,53.9391167,-127.453965,2024-07-25,"M",60
"20",2024-09-06 20:57:45,"Mobile","149.500 051","051",79,53.939025,-127.4537517,2024-07-22,NA,NA
"21",2024-09-06 20:57:45,"Mobile","149.500 071","071",82,53.939025,-127.4537517,2024-07-25,"M",63
"22",2024-09-06 20:58:28,"Mobile","149.320 148","148",95,53.9476717,-127.45334,2024-08-08,"M",55
"23",2024-09-06 20:58:33,"Mobile","149.500 054","054",99,53.94852,-127.4542783,2024-07-22,NA,NA
"24",2024-09-06 20:58:35,"Mobile","149.500 053","053",86,53.9489233,-127.4549933,2024-07-22,NA,NA
"25",2024-09-06 20:58:37,"Mobile","149.500 077","077",76,53.9491517,-127.455465,2024-07-24,"M",61
"26",2024-09-06 20:58:39,"Mobile","149.500 064","064",82,53.949255,-127.4556883,2024-07-22,NA,NA
"27",2024-09-06 20:58:39,"Mobile","149.500 092","092",88,53.9493533,-127.4558983,2024-07-23,"M",60
"28",2024-09-06 20:58:40,"Mobile","149.500 053","053",114,53.94945,-127.4561067,2024-07-22,NA,NA
"29",2024-09-06 20:58:41,"Mobile","149.500 072","072",89,53.9495367,-127.4563117,2024-07-25,"F",54
"30",2024-09-06 20:58:42,"Mobile","149.500 028","028",105,53.949625,-127.45652,2024-07-18,NA,NA
"31",2024-09-06 20:59:04,"Mobile","149.500 055","055",103,53.951445,-127.4578217,2024-07-22,NA,NA
"32",2024-09-06 20:59:05,"Mobile","149.500 078","078",93,53.9515717,-127.457795,2024-07-24,"F",56
"33",2024-09-06 20:59:26,"Mobile","149.500 033","033",97,53.9533233,-127.4570733,2024-07-18,NA,NA
"34",2024-09-06 20:59:33,"Mobile","149.500 001","001",84,53.9524567,-127.4573667,2024-07-12,NA,NA
"35",2024-09-06 20:59:42,"Mobile","149.320 104","104",98,53.95158,-127.4576633,2024-07-29,"F",53
"36",2024-09-06 20:59:47,"Mobile","149.320 104","104",83,53.951285,-127.4577217,2024-07-29,"F",53
"37",2024-09-06 21:55:16,"Mobile","149.500 092","092",107,53.9500217,-127.45678,2024-07-23,"M",60
"38",2024-09-06 21:55:20,"Mobile","149.500 072","072",76,53.94991,-127.4564383,2024-07-25,"F",54
"39",2024-09-06 21:55:21,"Mobile","149.500 092","092",95,53.9498017,-127.4561433,2024-07-23,"M",60
"40",2024-09-06 21:55:26,"Mobile","149.320 119","119",80,53.9495133,-127.45516,2024-08-01,"F",52
"41",2024-09-06 21:55:27,"Mobile","149.320 120","120",93,53.94945,-127.45495,2024-08-01,"M",55
"42",2024-09-06 21:55:29,"Mobile","149.320 115","115",80,53.9492717,-127.4546117,2024-08-01,"F",54
"43",2024-09-06 21:55:30,"Mobile","149.320 113","113",95,53.94917,-127.45451,2024-07-31,"M",57
"44",2024-09-06 21:55:31,"Mobile","149.320 148","148",90,53.949045,-127.4544617,2024-08-08,"M",55
"45",2024-09-06 21:55:35,"Mobile","149.320 113","113",98,53.9488133,-127.455105,2024-07-31,"M",57
"46",2024-09-06 21:55:36,"Mobile","149.320 148","148",94,53.9488483,-127.4553733,2024-08-08,"M",55
"47",2024-09-06 21:55:37,"Mobile","149.320 111","111",92,53.948915,-127.455615,2024-07-31,"M",56
"48",2024-09-06 21:55:40,"Mobile","149.500 077","077",88,53.94918,-127.456015,2024-07-24,"M",61
"49",2024-09-06 21:55:41,"Mobile","149.500 091","091",81,53.9495383,-127.4563633,2024-07-23,"M",59
"50",2024-09-06 21:55:42,"Mobile","149.500 089","089",89,53.94973,-127.4565467,2024-07-30,"M",64
"51",2024-09-06 21:55:43,"Mobile","149.500 053","053",90,53.9499333,-127.45673,2024-07-22,NA,NA
"52",2024-09-06 21:55:45,"Mobile","149.500 081","081",89,53.9503333,-127.457065,2024-07-25,"M",55
"53",2024-09-06 21:55:48,"Mobile","149.500 078","078",71,53.95092,-127.4574233,2024-07-24,"F",56
"54",2024-09-06 21:55:51,"Mobile","149.500 055","055",91,53.9514967,-127.4573867,2024-07-22,NA,NA
"55",2024-09-06 21:56:10,"Mobile","149.500 080","080",95,53.9550683,-127.4573783,2024-07-24,"M",62
"56",2024-09-06 21:56:14,"Mobile","149.500 074","074",81,53.9557467,-127.45795,2024-07-25,"M",57
"57",2024-09-06 21:56:54,"Mobile","149.320 122","122",84,53.9593067,-127.4555717,2024-08-02,"F",58
"58",2024-09-06 21:57:37,"Mobile","149.500 095","095",137,53.9654417,-127.4568467,2024-07-24,"F",57
"59",2024-09-06 21:57:42,"Mobile","149.500 095","095",99,53.9661917,-127.4571817,2024-07-24,"F",57
"60",2024-09-06 21:59:04,"Mobile","149.500 052","052",88,53.980865,-127.4557583,2024-07-22,NA,NA
"61",2024-09-06 21:59:09,"Mobile","149.500 052","052",86,53.981465,-127.45452,2024-07-22,NA,NA
"62",2024-09-06 22:00:38,"Mobile","149.320 107","107",125,54.0012717,-127.46068,2024-07-25,NA,NA
"63",2024-09-06 22:00:48,"Mobile","149.500 067","067",109,54.003115,-127.4618267,2024-07-23,NA,NA
"64",2024-09-06 22:00:53,"Mobile","149.500 067","067",85,54.0039083,-127.463135,2024-07-23,NA,NA
"65",2024-09-06 22:03:52,"Mobile","149.320 118","118",89,54.0435383,-127.4297917,2024-08-01,NA,57
"66",2024-09-06 22:03:58,"Mobile","149.320 142","142",78,54.0452433,-127.4277467,2024-08-08,NA,NA
"67",2024-09-06 22:05:19,"Mobile","149.320 106","106",95,54.0626683,-127.42919,2024-07-25,NA,NA
"68",2024-09-25 18:07:30,"Mobile","149.500 026","026",117,54.02468,-127.8186217,2024-07-17,NA,NA
"69",2024-09-25 18:07:35,"Mobile","149.500 026","026",151,54.02468,-127.8186217,2024-07-17,NA,NA
"70",2024-09-25 18:08:06,"Mobile","149.500 034","034",130,54.02468,-127.8186217,2024-07-18,NA,NA
"71",2024-09-25 18:08:51,"Mobile","149.500 029","029",85,54.02468,-127.8186217,2024-07-18,NA,NA
"72",2024-09-25 18:10:48,"Mobile","149.500 032","032",80,54.02468,-127.8186217,2024-07-18,NA,NA
"73",2024-09-25 18:12:10,"Mobile","149.500 043","043",82,54.02468,-127.8186217,2024-07-19,NA,NA
"74",2024-09-25 18:12:13,"Mobile","149.500 032","032",111,54.02468,-127.8186217,2024-07-18,NA,NA
"75",2024-09-25 18:12:15,"Mobile","149.500 043","043",86,54.02515,-127.8215467,2024-07-19,NA,NA
"76",2024-09-25 18:12:20,"Mobile","149.500 043","043",86,54.0247367,-127.8200317,2024-07-19,NA,NA
"77",2024-09-25 18:12:22,"Mobile","149.500 045","045",83,54.0245417,-127.8156833,2024-07-19,NA,NA
"78",2024-09-25 18:12:34,"Mobile","149.500 045","045",91,54.0269567,-127.8130633,2024-07-19,NA,NA
"79",2024-09-25 18:13:55,"Mobile","149.500 029","029",103,54.034285,-127.7878967,2024-07-18,NA,NA
"80",2024-09-25 18:14:00,"Mobile","149.500 029","029",111,54.0345883,-127.78616,2024-07-18,NA,NA
"81",2024-09-25 18:14:05,"Mobile","149.500 029","029",86,54.0349317,-127.7845783,2024-07-18,NA,NA
"82",2024-09-25 18:14:24,"Mobile","149.500 025","025",100,54.036265,-127.7791467,2024-07-17,NA,NA
"83",2024-09-25 18:14:26,"Mobile","149.500 034","034",90,54.0363167,-127.778565,2024-07-18,NA,NA
"84",2024-09-25 18:14:29,"Mobile","149.500 025","025",106,54.03634,-127.777705,2024-07-17,NA,NA
"85",2024-09-25 18:14:32,"Mobile","149.500 034","034",98,54.0363233,-127.7771233,2024-07-18,NA,NA
"86",2024-09-25 18:14:34,"Mobile","149.500 025","025",114,54.0361933,-127.7761883,2024-07-17,NA,NA
"87",2024-09-25 18:14:42,"Mobile","149.500 034","034",125,54.0361117,-127.7736917,2024-07-18,NA,NA
"88",2024-09-25 18:14:44,"Mobile","149.500 025","025",97,54.0362167,-127.7732033,2024-07-17,NA,NA
"89",2024-09-25 18:14:47,"Mobile","149.500 034","034",92,54.036145,-127.7723483,2024-07-18,NA,NA
"90",2024-09-25 18:15:01,"Mobile","149.500 008","008",99,54.0355483,-127.7689217,2024-07-15,NA,NA
"91",2024-09-25 18:15:02,"Mobile","149.500 002","002",80,54.035515,-127.768705,2024-07-12,NA,NA
"92",2024-09-25 18:15:07,"Mobile","149.500 026","026",115,54.0351883,-127.7678783,2024-07-17,NA,NA
"93",2024-09-25 18:15:12,"Mobile","149.500 026","026",106,54.03459,-127.7675817,2024-07-17,NA,NA
"94",2024-09-25 18:15:17,"Mobile","149.500 026","026",113,54.0340533,-127.768,2024-07-17,NA,NA
"95",2024-09-25 18:15:28,"Mobile","149.500 026","026",80,54.032955,-127.7693783,2024-07-17,NA,NA
"96",2024-09-25 18:15:30,"Mobile","149.500 010","010",89,54.0326517,-127.76942,2024-07-16,NA,NA
"97",2024-09-25 18:15:33,"Mobile","149.500 026","026",77,54.03204,-127.7693833,2024-07-17,NA,NA
"98",2024-09-25 18:16:22,"Mobile","149.500 039","039",79,54.0275283,-127.7614233,2024-07-18,NA,NA
"99",2024-09-25 18:16:28,"Mobile","149.500 039","039",81,54.0281117,-127.7608517,2024-07-18,NA,NA
"100",2024-09-25 18:16:33,"Mobile","149.500 039","039",97,54.0287767,-127.75972,2024-07-18,NA,NA
"101",2024-09-25 18:18:54,"Mobile","149.500 025","025",80,54.032185,-127.78002,2024-07-17,NA,NA
"102",2024-09-25 18:22:23,"Mobile","149.500 098","098",82,54.02045,-127.83188,2024-07-24,"M",54
"103",2024-09-25 19:48:29,"Mobile","149.500 041","041",92,53.8621183,-127.79017,2024-07-19,NA,NA
"104",2024-09-25 20:20:11,"Mobile","149.500 015","015",85,53.85862,-127.7695983,2024-07-22,NA,NA
"105",2024-09-25 20:21:32,"Mobile","149.500 024","024",109,53.8723117,-127.7374383,2024-07-17,NA,NA
"106",2024-09-25 20:22:05,"Mobile","149.500 035","035",89,53.88065,-127.7344333,2024-07-18,NA,NA
"107",2024-09-25 20:22:10,"Mobile","149.500 035","035",81,53.8822983,-127.7345317,2024-07-18,NA,NA
"108",2024-09-25 20:22:15,"Mobile","149.500 035","035",110,53.8835033,-127.7338183,2024-07-18,NA,NA
"109",2024-10-01 17:52:50,"Mobile","149.500 092","092",74,54.0289367,-127.62328,2024-07-23,"M",60
"110",2024-10-01 17:52:54,"Mobile","149.500 006","006",75,54.0281283,-127.6255417,2024-07-15,NA,NA
"111",2024-10-01 17:52:59,"Mobile","149.500 001","001",79,54.02718,-127.6284233,2024-07-12,NA,NA
"112",2024-10-01 17:53:00,"Mobile","149.500 001","001",76,54.02718,-127.6284233,2024-07-12,NA,NA
"113",2024-10-01 17:53:01,"Mobile","149.500 007","007",74,54.0268567,-127.6295917,2024-07-16,NA,NA
"114",2024-10-01 17:57:55,"Mobile","149.500 002","002",91,54.0249783,-127.7652033,2024-07-12,NA,NA
"115",2024-10-01 17:58:10,"Mobile","149.500 008","008",94,54.0281467,-127.7663,2024-07-15,NA,NA
"116",2024-10-01 17:58:23,"Mobile","149.500 008","008",99,54.0305067,-127.7678183,2024-07-15,NA,NA
"117",2024-10-01 17:58:28,"Mobile","149.500 026","026",82,54.0315133,-127.7684217,2024-07-17,NA,NA
"118",2024-10-01 17:58:30,"Mobile","149.500 034","034",84,54.03192,-127.768625,2024-07-18,NA,NA
"119",2024-10-01 17:58:36,"Mobile","149.500 034","034",102,54.0328667,-127.7687217,2024-07-18,NA,NA
"120",2024-10-01 17:58:38,"Mobile","149.500 026","026",88,54.0334383,-127.76814,2024-07-17,NA,NA
"121",2024-10-01 17:58:41,"Mobile","149.500 034","034",100,54.0337967,-127.767625,2024-07-18,NA,NA
"122",2024-10-01 17:58:43,"Mobile","149.500 026","026",129,54.03433,-127.7670067,2024-07-17,NA,NA
"123",2024-10-01 17:58:46,"Mobile","149.500 034","034",93,54.0349367,-127.7668883,2024-07-18,NA,NA
"124",2024-10-01 17:58:48,"Mobile","149.500 026","026",138,54.0353133,-127.7671333,2024-07-17,NA,NA
"125",2024-10-01 17:58:53,"Mobile","149.500 022","022",82,54.0359017,-127.7687183,2024-07-17,NA,NA
"126",2024-10-01 17:58:53,"Mobile","149.500 026","026",126,54.0359017,-127.7687183,2024-07-17,NA,NA
"127",2024-10-01 17:58:59,"Mobile","149.500 026","026",92,54.0361967,-127.7706433,2024-07-17,NA,NA
"128",2024-10-01 17:59:01,"Mobile","149.500 034","034",102,54.0364733,-127.7717017,2024-07-18,NA,NA
"129",2024-10-01 17:59:04,"Mobile","149.500 025","025",97,54.0368017,-127.7726833,2024-07-17,NA,NA
"130",2024-10-01 17:59:06,"Mobile","149.500 034","034",125,54.0369667,-127.77336,2024-07-18,NA,NA
"131",2024-10-01 17:59:11,"Mobile","149.500 034","034",155,54.0369333,-127.77505,2024-07-18,NA,NA
"132",2024-10-01 17:59:14,"Mobile","149.500 026","026",80,54.03674,-127.7760467,2024-07-17,NA,NA
"133",2024-10-01 17:59:16,"Mobile","149.500 034","034",173,54.036645,-127.7767567,2024-07-18,NA,NA
"134",2024-10-01 17:59:17,"Mobile","149.500 025","025",140,54.0366117,-127.7771183,2024-07-17,NA,NA
"135",2024-10-01 17:59:21,"Mobile","149.500 034","034",141,54.0364983,-127.7785,2024-07-18,NA,NA
"136",2024-10-01 17:59:27,"Mobile","149.500 034","034",109,54.0362333,-127.7802217,2024-07-18,NA,NA
"137",2024-10-01 17:59:30,"Mobile","149.500 025","025",84,54.03594,-127.7815017,2024-07-17,NA,NA
"138",2024-10-01 17:59:32,"Mobile","149.500 034","034",88,54.0358683,-127.78181,2024-07-18,NA,NA
"139",2024-10-01 17:59:50,"Mobile","149.500 029","029",107,54.0346233,-127.7871083,2024-07-18,NA,NA
"140",2024-10-01 18:00:00,"Mobile","149.500 029","029",75,54.03389,-127.790475,2024-07-18,NA,NA
"141",2024-10-01 18:01:14,"Mobile","149.500 045","045",111,54.0281017,-127.8112467,2024-07-19,NA,NA
"142",2024-10-01 18:01:24,"Mobile","149.500 045","045",146,54.0280483,-127.81365,2024-07-19,NA,NA
"143",2024-10-01 18:01:29,"Mobile","149.500 045","045",110,54.027545,-127.8144133,2024-07-19,NA,NA
"144",2024-10-01 18:01:34,"Mobile","149.500 045","045",84,54.0269733,-127.8149683,2024-07-19,NA,NA
"145",2024-10-01 18:01:44,"Mobile","149.500 098","098",85,54.0261883,-127.81655,2024-07-24,"M",54
"146",2024-10-01 18:01:56,"Mobile","149.500 043","043",129,54.026035,-127.8196567,2024-07-19,NA,NA
"147",2024-10-01 18:02:01,"Mobile","149.500 043","043",70,54.0260867,-127.8208383,2024-07-19,NA,NA
"148",2024-10-01 18:06:30,"Mobile","149.500 034","034",116,54.0318167,-127.7791733,2024-07-18,NA,NA
"149",2024-10-01 18:06:35,"Mobile","149.500 034","034",86,54.032335,-127.7774217,2024-07-18,NA,NA
"150",2024-10-01 18:06:56,"Mobile","149.500 034","034",76,54.02897,-127.7756583,2024-07-18,NA,NA
"151",2024-10-01 18:07:01,"Mobile","149.500 034","034",85,54.02773,-127.7755467,2024-07-18,NA,NA
"152",2024-10-01 18:08:48,"Mobile","149.500 008","008",130,54.0293833,-127.7676733,2024-07-15,NA,NA
"153",2024-10-01 18:09:13,"Mobile","149.500 034","034",108,54.0339967,-127.7685133,2024-07-18,NA,NA
"154",2024-10-01 18:09:16,"Mobile","149.500 026","026",119,54.0346183,-127.7684533,2024-07-17,NA,NA
"155",2024-10-01 18:09:21,"Mobile","149.500 026","026",114,54.0355917,-127.76927,2024-07-17,NA,NA
"156",2024-10-01 18:09:22,"Mobile","149.500 010","010",84,54.0357533,-127.76955,2024-07-16,NA,NA
"157",2024-10-01 18:09:39,"Mobile","149.500 034","034",161,54.036595,-127.77516,2024-07-18,NA,NA
"158",2024-10-01 18:09:42,"Mobile","149.500 025","025",152,54.0365517,-127.7760883,2024-07-17,NA,NA
"159",2024-10-01 18:09:44,"Mobile","149.500 034","034",172,54.0365083,-127.7767217,2024-07-18,NA,NA
"160",2024-10-01 18:09:49,"Mobile","149.500 034","034",127,54.0363517,-127.7782567,2024-07-18,NA,NA
"161",2024-10-01 18:12:02,"Mobile","149.500 045","045",87,54.0267617,-127.8151717,2024-07-19,NA,NA
"162",2024-10-01 18:12:11,"Mobile","149.500 098","098",104,54.0259617,-127.8174483,2024-07-24,"M",54
"163",2024-10-01 19:15:18,"Mobile","149.500 015","015",89,53.8591083,-127.7665433,2024-07-22,NA,NA
"164",2024-10-01 19:17:24,"Mobile","149.500 035","035",123,53.8591083,-127.7665433,2024-07-18,NA,NA
"165",2024-10-01 19:27:46,"Mobile","149.500 033","033",106,53.9705633,-127.455475,2024-07-18,NA,NA
"166",2024-10-01 19:28:07,"Mobile","149.500 095","095",100,53.9663167,-127.4570283,2024-07-24,"F",57
"167",2024-10-01 19:28:12,"Mobile","149.500 095","095",96,53.9655033,-127.457095,2024-07-24,"F",57
"168",2024-10-01 19:28:13,"Mobile","149.500 055","055",102,53.9653667,-127.4570067,2024-07-22,NA,NA
"169",2024-10-01 19:28:20,"Mobile","149.320 111","111",89,53.96497,-127.4557167,2024-07-31,"M",56
"170",2024-10-01 19:28:25,"Mobile","149.320 111","111",86,53.9643167,-127.4548917,2024-07-31,"M",56
"171",2024-10-01 19:28:28,"Mobile","149.320 125","125",106,53.9637333,-127.4544033,2024-08-01,"F",58
"172",2024-10-01 19:29:23,"Mobile","149.320 119","119",111,53.9589583,-127.45819,2024-08-01,"F",52
"173",2024-10-01 19:29:29,"Mobile","149.500 071","071",86,53.9583167,-127.4599117,2024-07-25,"M",63
"174",2024-10-01 19:29:43,"Mobile","149.320 119","119",84,53.9560733,-127.45864,2024-08-01,"F",52
"175",2024-10-01 19:29:46,"Mobile","149.320 112","112",127,53.9556217,-127.4582383,2024-07-31,"M",62
"176",2024-10-01 19:29:54,"Mobile","149.500 050","050",90,53.9545017,-127.457405,2024-07-22,NA,NA
"177",2024-10-01 19:29:55,"Mobile","149.500 071","071",100,53.9542317,-127.4572133,2024-07-25,"M",63
"178",2024-10-01 19:29:57,"Mobile","149.500 089","089",97,53.95397,-127.4570417,2024-07-30,"M",64
"179",2024-10-01 19:30:02,"Mobile","149.500 089","089",130,53.9532383,-127.4568783,2024-07-30,"M",64
"180",2024-10-01 19:30:07,"Mobile","149.500 089","089",156,53.9524583,-127.4572733,2024-07-30,"M",64
"181",2024-10-01 19:30:19,"Mobile","149.320 148","148",82,53.950695,-127.45808,2024-08-08,"M",55
"182",2024-10-01 19:30:22,"Mobile","149.500 081","081",111,53.95046,-127.4579483,2024-07-25,"M",55
"183",2024-10-01 19:30:25,"Mobile","149.500 086","086",86,53.95013,-127.4574133,2024-07-25,"F",61
"184",2024-10-01 19:30:26,"Mobile","149.500 059","059",114,53.9500583,-127.4572333,2024-07-23,NA,NA
"185",2024-10-01 19:30:27,"Mobile","149.500 054","054",145,53.9499783,-127.4570417,2024-07-22,NA,NA
"186",2024-10-01 19:30:31,"Mobile","149.500 059","059",86,53.9496267,-127.456215,2024-07-23,NA,NA
"187",2024-10-01 19:30:31,"Mobile","149.500 072","072",108,53.9496267,-127.456215,2024-07-25,"F",54
"188",2024-10-01 19:30:32,"Mobile","149.500 054","054",89,53.9495433,-127.4560067,2024-07-22,NA,NA
"189",2024-10-01 19:30:33,"Mobile","149.500 030","030",139,53.94946,-127.4558083,2024-07-18,NA,NA
"190",2024-10-01 19:30:33,"Mobile","149.500 038","038",144,53.94946,-127.4558083,2024-07-18,NA,NA
"191",2024-10-01 19:30:35,"Mobile","149.500 057","057",84,53.94928,-127.45545,2024-07-23,NA,NA
"192",2024-10-01 19:30:35,"Mobile","149.500 086","086",101,53.94928,-127.45545,2024-07-25,"F",61
"193",2024-10-01 19:30:39,"Mobile","149.320 196","196",83,53.9488583,-127.4550017,2024-08-28,"F",51
"194",2024-10-01 19:30:44,"Mobile","149.320 107","107",91,53.9483817,-127.45467,2024-07-25,NA,NA
"195",2024-10-01 19:30:45,"Mobile","149.320 196","196",99,53.9483817,-127.45467,2024-08-28,"F",51
"196",2024-10-01 19:30:49,"Mobile","149.320 107","107",98,53.9478883,-127.4541917,2024-07-25,NA,NA
"197",2024-10-01 19:30:50,"Mobile","149.500 057","057",100,53.9477617,-127.4540767,2024-07-23,NA,NA
"198",2024-10-01 19:30:54,"Mobile","149.500 074","074",112,53.94737,-127.4537167,2024-07-25,"M",57
"199",2024-10-01 19:30:59,"Mobile","149.500 038","038",93,53.9465083,-127.453315,2024-07-18,NA,NA
"200",2024-10-01 19:31:00,"Mobile","149.500 051","051",88,53.9463467,-127.4533033,2024-07-22,NA,NA
"201",2024-10-01 19:31:07,"Mobile","149.320 108","108",85,53.9453133,-127.4535067,2024-07-25,NA,NA
"202",2024-10-01 19:31:12,"Mobile","149.320 108","108",99,53.9443667,-127.4534367,2024-07-25,NA,NA
"203",2024-10-01 19:31:17,"Mobile","149.320 108","108",90,53.9431467,-127.4532667,2024-07-25,NA,NA
"204",2024-10-01 19:31:55,"Mobile","149.500 014","014",96,53.93585,-127.454615,2024-07-19,NA,NA
"205",2024-10-01 19:32:21,"Mobile","149.500 014","014",100,53.932025,-127.4555433,2024-07-19,NA,NA
"206",2024-10-01 19:32:26,"Mobile","149.500 014","014",114,53.9328233,-127.4540883,2024-07-19,NA,NA
"207",2024-10-01 19:32:49,"Mobile","149.500 052","052",97,53.9395833,-127.4535383,2024-07-22,NA,NA
"208",2024-10-01 19:33:18,"Mobile","149.500 051","051",104,53.9463617,-127.4527367,2024-07-22,NA,NA
"209",2024-10-01 19:33:23,"Mobile","149.500 051","051",89,53.947005,-127.4530567,2024-07-22,NA,NA
"210",2024-10-01 19:33:32,"Mobile","149.320 107","107",64,53.948035,-127.4544867,2024-07-25,NA,NA
"211",2024-10-01 19:33:38,"Mobile","149.500 057","057",106,53.9487583,-127.4549267,2024-07-23,NA,NA
"212",2024-10-01 19:33:39,"Mobile","149.500 086","086",118,53.9488117,-127.4548817,2024-07-25,"F",61
"213",2024-10-01 19:33:44,"Mobile","149.500 057","057",115,53.9487467,-127.454655,2024-07-23,NA,NA
"214",2024-10-01 19:33:44,"Mobile","149.500 086","086",91,53.94867,-127.4546133,2024-07-25,"F",61
"215",2024-10-01 19:34:09,"Mobile","149.500 074","074",90,53.947305,-127.4538417,2024-07-25,"M",57
"216",2024-10-01 19:34:14,"Mobile","149.500 038","038",107,53.947205,-127.4537317,2024-07-18,NA,NA
"217",2024-10-01 19:35:06,"Mobile","149.500 038","038",96,53.9474083,-127.454045,2024-07-18,NA,NA
"218",2024-10-01 19:35:14,"Mobile","149.500 074","074",78,53.94765,-127.454345,2024-07-25,"M",57
"219",2024-10-01 19:35:31,"Mobile","149.500 057","057",158,53.94843,-127.4548133,2024-07-23,NA,NA
"220",2024-10-01 19:35:33,"Mobile","149.500 038","038",95,53.9485517,-127.4549117,2024-07-18,NA,NA
"221",2024-10-01 19:35:36,"Mobile","149.500 057","057",128,53.94876,-127.4551783,2024-07-23,NA,NA
"222",2024-10-01 19:35:41,"Mobile","149.500 057","057",90,53.949,-127.4555767,2024-07-23,NA,NA
"223",2024-10-01 19:35:41,"Mobile","149.500 086","086",88,53.949,-127.4555767,2024-07-25,"F",61
"224",2024-10-01 19:35:42,"Mobile","149.500 076","076",111,53.94904,-127.4556783,2024-07-23,NA,NA
"225",2024-10-01 19:35:45,"Mobile","149.320 107","107",126,53.9491867,-127.4559033,2024-07-25,NA,NA
"226",2024-10-01 19:35:46,"Mobile","149.320 196","196",154,53.9491867,-127.4559033,2024-08-28,"F",51
"227",2024-10-01 19:35:50,"Mobile","149.320 107","107",107,53.94943,-127.4562167,2024-07-25,NA,NA
"228",2024-10-01 19:35:51,"Mobile","149.320 115","115",104,53.9494683,-127.4562933,2024-08-01,"F",54
"229",2024-10-01 19:35:51,"Mobile","149.320 196","196",123,53.9494683,-127.4562933,2024-08-28,"F",51
"230",2024-10-01 19:35:56,"Mobile","149.320 196","196",87,53.94969,-127.4567767,2024-08-28,"F",51
"231",2024-10-01 19:35:59,"Mobile","149.500 030","030",143,53.949875,-127.4571017,2024-07-18,NA,NA
"232",2024-10-01 19:35:59,"Mobile","149.500 038","038",112,53.9498133,-127.4569917,2024-07-18,NA,NA
"233",2024-10-01 19:36:04,"Mobile","149.500 054","054",125,53.9501567,-127.4576983,2024-07-22,NA,NA
"234",2024-10-01 19:36:04,"Mobile","149.500 081","081",95,53.9501,-127.45759,2024-07-25,"M",55
"235",2024-10-01 19:36:09,"Mobile","149.500 081","081",100,53.9504467,-127.4579817,2024-07-25,"M",55
"236",2024-10-01 19:36:10,"Mobile","149.500 048","048",98,53.9505867,-127.45798,2024-07-22,NA,NA
"237",2024-10-01 19:36:10,"Mobile","149.500 072","072",89,53.9505233,-127.457995,2024-07-25,"F",54
"238",2024-10-01 19:36:23,"Mobile","149.320 148","148",91,53.951515,-127.4575267,2024-08-08,"M",55
"239",2024-10-01 19:36:28,"Mobile","149.500 061","061",119,53.9520567,-127.457175,2024-07-22,NA,NA
"240",2024-10-01 19:36:29,"Mobile","149.500 068","068",91,53.9520567,-127.457175,2024-07-23,NA,NA
"241",2024-10-01 19:36:29,"Mobile","149.500 077","077",83,53.9521717,-127.4570933,2024-07-24,"M",61
"242",2024-10-01 19:36:29,"Mobile","149.500 081","081",109,53.9521717,-127.4570933,2024-07-25,"M",55
"243",2024-10-01 19:36:30,"Mobile","149.500 089","089",160,53.9521717,-127.4570933,2024-07-30,"M",64
"244",2024-10-01 19:36:34,"Mobile","149.500 081","081",85,53.9528567,-127.45667,2024-07-25,"M",55
"245",2024-10-01 19:36:35,"Mobile","149.500 089","089",92,53.95303,-127.4566133,2024-07-30,"M",64
"246",2024-10-01 19:36:39,"Mobile","149.500 071","071",142,53.95356,-127.4565817,2024-07-25,"M",63
"247",2024-10-01 19:37:12,"Mobile","149.320 119","119",117,53.958225,-127.459905,2024-08-01,"F",52
"248",2024-10-01 19:37:17,"Mobile","149.320 119","119",119,53.9587,-127.45958,2024-08-01,"F",52
"249",2024-10-01 19:37:29,"Mobile","149.500 091","091",109,53.9587967,-127.4570717,2024-07-23,"M",59
"250",2024-10-01 19:38:12,"Mobile","149.320 111","111",105,53.965275,-127.4566417,2024-07-31,"M",56
"251",2024-10-01 19:38:14,"Mobile","149.320 125","125",78,53.9655417,-127.45699,2024-08-01,"F",58
"252",2024-10-01 19:38:19,"Mobile","149.500 095","095",89,53.9665967,-127.4569233,2024-07-24,"F",57
"253",2024-10-01 19:38:24,"Mobile","149.500 033","033",79,53.9672867,-127.4563733,2024-07-18,NA,NA
"254",2024-10-01 19:38:50,"Mobile","149.500 033","033",117,53.97213,-127.4545567,2024-07-18,NA,NA
"255",2024-10-01 19:39:16,"Mobile","149.500 033","033",108,53.9765733,-127.4556683,2024-07-18,NA,NA
"256",2024-10-01 19:39:34,"Mobile","149.320 102","102",127,53.9799233,-127.4564933,2024-07-25,"F",64
"257",2024-10-01 19:39:55,"Mobile","149.500 080","080",138,53.982725,-127.45299,2024-07-24,"M",62
"258",2024-10-01 19:41:04,"Mobile","149.320 199","199",121,53.9977183,-127.4593483,2024-09-04,"M",53
"259",2024-10-01 19:41:09,"Mobile","149.500 093","093",110,53.9986933,-127.4593367,2024-07-23,NA,NA
"260",2024-10-01 19:41:14,"Mobile","149.500 093","093",89,54.0000983,-127.4599867,2024-07-23,NA,NA
"261",2024-10-01 19:41:19,"Mobile","149.500 067","067",109,54.001295,-127.460705,2024-07-23,NA,NA
"262",2024-10-01 19:41:19,"Mobile","149.500 093","093",100,54.001295,-127.460705,2024-07-23,NA,NA
"263",2024-10-01 19:41:35,"Mobile","149.500 053","053",93,54.00445,-127.4638233,2024-07-22,NA,NA
"264",2024-10-01 19:41:40,"Mobile","149.500 053","053",81,54.00537,-127.4644633,2024-07-22,NA,NA
"265",2024-10-01 19:41:45,"Mobile","149.500 053","053",142,54.0064067,-127.4643317,2024-07-22,NA,NA
"266",2024-10-01 19:43:12,"Mobile","149.320 122","122",93,54.0208583,-127.4629017,2024-08-02,"F",58
"267",2024-10-01 19:45:53,"Mobile","149.500 075","075",98,54.0468917,-127.4268967,2024-07-25,"F",60
"268",2024-10-01 19:46:33,"Mobile","149.320 118","118",78,54.0543333,-127.4203333,2024-08-01,NA,57
"269",2024-10-01 19:46:38,"Mobile","149.320 118","118",118,54.055205,-127.4209883,2024-08-01,NA,57
"270",2024-10-01 19:46:53,"Mobile","149.500 078","078",111,54.0557733,-127.425445,2024-07-24,"F",56
"271",2024-10-01 19:47:26,"Mobile","149.320 141","141",111,54.05946,-127.4272733,2024-08-08,NA,NA
"272",2024-10-01 19:47:31,"Mobile","149.320 141","141",90,54.0602283,-127.42697,2024-08-08,NA,NA
"273",2024-10-01 19:48:00,"Mobile","149.320 191","191",77,54.0631283,-127.4313117,2024-08-16,"F",49
"274",2024-10-01 19:48:56,"Mobile","149.320 109","109",81,54.0706967,-127.438965,2024-07-25,NA,NA
"275",2024-10-01 19:51:59,"Mobile","149.500 073","073",106,54.0896633,-127.4636467,2024-07-25,"M",60
